Collection,Name,Design,Buid,Size,Model,Base Price,Woodtone,Plain,Obscure,Tinted,Frosted,Inserts,StyleLite
Traditional,Raised Panel,Short Panel,Non-insulated,Single,2250,500,NA,200,250,NA,NA,100,NA
Traditional,Raised Panel,Short Panel,Non-insulated,Double,2250,1000,NA,400,500,NA,NA,200,NA
Traditional,Raised Panel,Long Panel,Non-insulated,Single,4250,500,NA,200,250,NA,NA,100,NA
Traditional,Raised Panel,Long Panel,Non-insulated,Double,4250,1000,NA,400,500,NA,NA,200,NA
Traditional,Raised Panel,Short Panel,Insulated,Single,2283,1000,400,250,300,350,400,100,150
Traditional,Raised Panel,Short Panel,Insulated,Double,2283,1500,800,500,600,700,800,200,300
Traditional,Raised Panel,Long Panel,Insulated,Single,4283,1000,400,250,300,350,400,100,150
Traditional,Raised Panel,Long Panel,Insulated,Double,4283,1500,800,500,600,700,800,200,300
Contemporary,Planks,Short Panel,Insulated,Single,2327,1000,400,250,300,350,400,100,NA
Contemporary,Planks,Long Panel,Insulated,Single,2347,1500,800,500,600,700,800,200,300
Contemporary,Planks,Short Panel,Insulated,Double,2327,1000,400,250,300,350,400,100,NA
Contemporary,Planks,Long Panel,Insulated,Double,2347,1500,800,500,600,700,800,200,300
Contemporary,Skyline Flush,Short Panel,Non-insulated,Single,2150,500,NA,200,250,NA,NA,100,NA
Contemporary,Skyline Flush,Short Panel,Non-insulated,Double,2150,1000,NA,400,500,NA,NA,200,NA
Contemporary,Skyline Flush,Long Panel,Non-insulated,Single,4150,500,NA,200,250,NA,NA,100,NA
Contemporary,Skyline Flush,Long Panel,Non-insulated,Double,4150,1000,NA,400,500,NA,NA,200,NA
Contemporary,Skyline Flush,Short Panel,Insulated,Single,2127,1000,400,250,300,350,400,100,150
Contemporary,Skyline Flush,Short Panel,Insulated,Double,2127,1500,800,500,600,700,800,200,300
Contemporary,Skyline Flush,Long Panel,Insulated,Single,2147,1000,400,250,300,350,400,100,150
Contemporary,Skyline Flush,Long Panel,Insulated,Double,2147,1500,800,500,600,700,800,200,300